Country Name,2012 [YR2012],2013 [YR2013],2014 [YR2014],2015 [YR2015],2016 [YR2016],2017 [YR2017],2018 [YR2018],2019 [YR2019],2020 [YR2020],2021 [YR2021],2022 [YR2022],,,,1996,1997,1998,1999,2000,2001,2002,2003,2004,2005,2006,2007,2008,2009,2010,2011,2012,2013,2014,2015,2016,2017,2018,2019,2020,2021,2022
Afghanistan,-1.430372834,-1.445908427,-1.364742875,-1.354239821,-1.540352702,-1.531909704,-1.502880573,-1.419499159,-1.493699789,-1.152327418,-1.183776498,,,Afghanistan,-1.291704774,-1.176012278,-1.271724224,-1.251137018,-1.344179749,-1.35064733,-1.447252393,-1.446292281,-1.61325109,-1.672095537,-1.552298784,-1.645391107,-1.600470781,-1.430372834,-1.445908427,-1.364742875,-1.430372834,-1.445908427,-1.364742875,-1.354239821,-1.540352702,-1.531909704,-1.502880573,-1.419499159,-1.493699789,-1.152327418,-1.183776498
Albania,-0.778729439,-0.750955939,-0.586141348,-0.544385254,-0.471469223,-0.480890602,-0.545840263,-0.563899636,-0.572924495,-0.576535523,-0.407875538,,,Ukraine,-1.110136986,-1.258209944,-1.110609293,-1.091393948,-0.966655314,-0.979341567,-0.740642905,-0.772781849,-0.820174932,-0.862514138,-1.071736813,-1.031962514,-1.086713314,-1.117539167,-1.176261783,-1.024342418,-1.117539167,-1.176261783,-1.024342418,-1.038948059,-0.866792738,-0.831375659,-0.921201885,-0.800242603,-0.831856072,-0.786468089,-0.633566201
Algeria,-0.521544516,-0.472622782,-0.612656415,-0.639073312,-0.673416734,-0.598509312,-0.658660114,-0.655895114,-0.666460216,-0.635657609,-0.637929857,,,Nigeria,-1.189008594,-1.160612702,-1.324634433,-1.502067566,-1.417653799,-1.383372903,-1.180775523,-1.126394391,-1.066939831,-0.900948942,-1.041885853,-1.051508546,-1.189361453,-1.175933242,-1.226869226,-1.28350389,-1.175933242,-1.226869226,-1.28350389,-1.095677853,-1.045135379,-1.099802971,-1.083567619,-1.115130424,-1.120857596,-1.103256702,-1.101030469
American Samoa,0.299411148,0.303055048,1.220708609,1.151810765,1.159555912,1.762151003,1.780909538,1.780709863,1.266005278,1.279871821,1.27020359,,,Somalia,-1.273832083,-1.169289827,-1.231535554,-1.032930613,-1.465910077,-1.80303514,-1.683112144,-1.72492063,-1.739551187,-1.848734379,-1.701694131,-1.726097345,-1.715412021,-1.596589088,-1.58308363,-1.66308713,-1.596589088,-1.58308363,-1.66308713,-1.64175272,-1.690856099,-1.70943439,-1.785416245,-1.723784328,-1.688518405,-1.795112491,-1.7924546
Andorra,1.260530829,1.253548503,1.220708609,1.151810765,1.159555912,1.171758413,1.179165602,1.176592231,1.266005278,1.279871821,1.27020359,,,Ethiopia,-0.930545986,-0.903203785,-0.906757355,-0.717909098,-0.777412176,-0.757493496,-0.772508383,-0.650104702,-0.632185876,-0.666399777,-0.704722345,-0.694108725,-0.667876601,-0.608586848,-0.501512408,-0.447899312,-0.608586848,-0.501512408,-0.447899312,-0.476131946,-0.442177504,-0.582520843,-0.50496614,-0.435477555,-0.390404463,-0.422970861,-0.440878779
Angola,-1.302401423,-1.336874723,-1.457798243,-1.427323461,-1.483337283,-1.444333076,-1.199250937,-1.058417916,-0.938672543,-0.651610196,-0.601941288,,,,,,,,,,,,,,,,,,,,,,,,,,,,,,
Anguilla,1.260530829,1.253548503,1.220708609,1.151810765,1.159555912,1.171758413,1.179165602,1.176592231,0.632469475,0.638071477,1.27020359,,,,,,,,,,,,,,,,,,,,,,,,,,,,,,
Antigua and Barbuda,1.260530829,1.253548503,0.634897768,0.642890871,0.645558715,0.197805092,0.236239702,0.239498109,0.238533273,0.231979251,0.310604453,,,,,,,,,,,,,,,,,,,,,,,,,,,,,,
Argentina,-0.445909202,-0.434015781,-0.549443066,-0.580868721,-0.298964888,-0.308798343,-0.098668173,-0.106940247,-0.163780659,-0.422272921,-0.447030485,,,,,,,,,,,,,,,,,,,,,,,,,,,,,,
Armenia,-0.58800149,-0.530450225,-0.565155387,-0.609267175,-0.659123719,-0.63648814,-0.40889135,-0.226975173,-0.0034387,0.048978329,0.028035237,,,,,,,,,,,,,,,,,,,,,,,,,,,,,,
Aruba,1.095235944,1.1194067,1.014231563,1.248461127,1.232735157,1.239376664,1.207429409,1.174702883,1.199391723,0.801610887,0.756784737,,,,,,,,,,,,,,,,,,,,,,,,,,,,,,
Australia,1.977507234,1.777870297,1.849464655,1.841353893,1.772003651,1.752321124,1.767377615,1.788173079,1.632955909,1.707646132,1.764489532,,,,,,,,,,,,,,,,,,,,,,,,,,,,,,
Austria,1.427254438,1.537240982,1.466749072,1.472380042,1.496968031,1.50046289,1.568366051,1.521409035,1.477789164,1.24299264,1.258619428,,,,,,,,,,,,,,,,,,,,,,,,,,,,,,
Azerbaijan,-1.142694116,-0.970375061,-1.022490263,-0.952501655,-0.852654457,-0.90602529,-0.852769494,-0.849424362,-1.077084064,-0.847372115,-1.040572286,,,,,,,,,,,,,,,,,,,,,,,,,,,,,,
"Bahamas, The",1.316067934,1.334611177,1.308737755,1.097775936,1.067387938,1.134469748,1.095535636,1.102446318,1.10620594,1.152453542,1.256189942,,,,,,,,,,,,,,,,,,,,,,,,,,,,,,
Bahrain,0.36653021,0.42616269,0.273521841,0.107048586,-0.047664754,-0.171140954,-0.176231503,-0.038097262,-0.09359394,0.144544184,0.139385641,,,,,,,,,,,,,,,,,,,,,,,,,,,,,,
Bangladesh,-0.85661906,-0.893825352,-0.892129958,-0.84402591,-0.886878014,-0.858938634,-0.926946819,-1.016993523,-1.003677249,-0.985860944,-1.07552731,,,,,,,,,,,,,,,,,,,,,,,,,,,,,,
Barbados,1.648287773,1.61204195,1.133456349,1.447863221,1.213551164,1.375456929,1.371912479,1.15944016,1.194066882,1.213400602,1.284573436,,,,,,,,,,,,,,,,,,,,,,,,,,,,,,
Belarus,-0.458519369,-0.40493837,-0.234706506,-0.315779865,-0.224086627,-0.240941063,-0.154802009,0.007285738,-0.133964226,-0.258149892,-0.579676211,,,,,,,,,,,,,,,,,,,,,,,,,,,,,,
Belgium,1.559110403,1.604302645,1.512950301,1.474696517,1.531488061,1.403884411,1.429420352,1.448995948,1.445956349,1.455525041,1.495048642,,,,,,,,,,,,,,,,,,,,,,,,,,,,,,
Belize,-0.030974895,0.020445321,-0.159106821,-0.209245667,-0.229891732,-0.305803925,-0.169436514,-0.191070929,-0.193349361,-0.330022901,-0.237028584,,,,,,,,,,,,,,,,,,,,,,,,,,,,,,
Benin,-0.857918382,-0.745442808,-0.669143796,-0.563475013,-0.529120028,-0.577509105,-0.391388416,-0.330108225,-0.040327787,-0.170943543,-0.124255605,,,,,,,,,,,,,,,,,,,,,,,,,,,,,,
Bermuda,1.260530829,1.253548503,1.220708609,1.151810765,1.159555912,1.171758413,1.179165602,1.176592231,1.266005278,1.279871821,1.27020359,,,,,,,,,,,,,,,,,,,,,,,,,,,,,,
Bhutan,0.953947246,0.912419856,1.306128979,0.989677846,1.091020465,1.529062629,1.590518117,1.57226634,1.618236542,1.507121086,1.514259338,,,,,,,,,,,,,,,,,,,,,,,,,,,,,,
Bolivia,-0.727891862,-0.587771356,-0.628422022,-0.717430353,-0.774184048,-0.700783432,-0.68817246,-0.780918837,-0.844050765,-0.883186758,-0.889222622,,,,,,,,,,,,,,,,,,,,,,,,,,,,,,
Bosnia and Herzegovina,-0.309364051,-0.244402736,-0.299684912,-0.417167664,-0.485800505,-0.553566337,-0.605827153,-0.646842897,-0.642686784,-0.665344417,-0.683835208,,,,,,,,,,,,,,,,,,,,,,,,,,,,,,
Botswana,0.90651536,0.893463314,0.813040078,0.78125155,0.867156804,0.712225378,0.719505966,0.686288655,0.611279488,0.665826142,0.661455095,,,,,,,,,,,,,,,,,,,,,,,,,,,,,,
Brazil,-0.046854232,-0.097699746,-0.365745902,-0.457372844,-0.445450932,-0.559335768,-0.480606288,-0.40767929,-0.428935021,-0.498797685,-0.566063046,,,,,,,,,,,,,,,,,,,,,,,,,,,,,,
Brunei Darussalam,0.538632572,0.639075041,0.526151538,0.534770489,0.530952454,0.675776422,0.761487544,0.768578291,1.248225451,1.216357827,1.174819589,,,,,,,,,,,,,,,,,,,,,,,,,,,,,,
Bulgaria,-0.281460792,-0.327604949,-0.302766591,-0.345705241,-0.259969264,-0.195962429,-0.188040331,-0.180789098,-0.322116584,-0.257637173,-0.157897115,,,,,,,,,,,,,,,,,,,,,,,,,,,,,,
Burkina Faso,-0.482446641,-0.525301456,-0.466464132,-0.298838139,-0.169851243,-0.138816744,-0.131240994,-0.220120952,-0.122583754,-0.083034024,-0.08361081,,,,,,,,,,,,,,,,,,,,,,,,,,,,,,
Burundi,-1.468606353,-1.426113844,-1.267834663,-1.28679204,-1.278321862,-1.31923759,-1.478066683,-1.496806622,-1.562949181,-1.599391341,-1.518141747,,,,,,,,,,,,,,,,,,,,,,,,,,,,,,
Cabo Verde,0.885680318,0.851895511,0.97090441,0.929523051,0.844319046,0.798005223,0.75564152,0.851036787,0.845997393,1.016948581,0.983122945,,,,,,,,,,,,,,,,,,,,,,,,,,,,,,
Cambodia,-1.080681562,-1.063721895,-1.146749973,-1.153123736,-1.301330924,-1.317361832,-1.356795192,-1.323165655,-1.271122456,-1.197489381,-1.24149859,,,,,,,,,,,,,,,,,,,,,,,,,,,,,,
Cameroon,-1.27243948,-1.21758461,-1.178454518,-1.0961833,-1.178884864,-1.225612164,-1.162674546,-1.218713284,-1.140349984,-1.117182374,-1.127934813,,,,,,,,,,,,,,,,,,,,,,,,,,,,,,
Canada,1.918904424,1.879342556,1.832427263,1.845864892,1.944438457,1.880703807,1.789857745,1.729976535,1.565556288,1.616529822,1.658579826,,,,,,,,,,,,,,,,,,,,,,,,,,,,,,
Cayman Islands,1.346243501,1.351891994,1.014231563,0.973423421,0.482424229,0.48127076,0.45631215,0.428329825,0.43935883,0.468788922,0.457741022,,,,,,,,,,,,,,,,,,,,,,,,,,,,,,
Central African Republic,-1.005531907,-1.096233726,-1.166350484,-1.326884508,-1.305346489,-1.200072527,-1.233191371,-1.233961463,-1.294777036,-1.24628365,-1.24606657,,,,,,,,,,,,,,,,,,,,,,,,,,,,,,
Chad,-1.330996513,-1.370108247,-1.329005241,-1.381444931,-1.511605382,-1.458002687,-1.404120088,-1.417058945,-1.424788117,-1.495754361,-1.488084197,,,,,,,,,,,,,,,,,,,,,,,,,,,,,,
Chile,1.543591261,1.498959064,1.441059232,1.183169365,1.023324966,1.00147748,0.958148718,0.979157269,1.106734037,0.956733346,0.968280137,,,,,,,,,,,,,,,,,,,,,,,,,,,,,,
China,-0.438275933,-0.355789781,-0.337421417,-0.299674153,-0.267868012,-0.291190565,-0.286587775,-0.31240508,-0.070956685,0.030393474,0.015970249,,,,,,,,,,,,,,,,,,,,,,,,,,,,,,
Colombia,-0.422298342,-0.441052586,-0.397179246,-0.352239668,-0.384032637,-0.429445237,-0.339970648,-0.2831572,-0.251915634,-0.365435123,-0.361808151,,,,,,,,,,,,,,,,,,,,,,,,,,,,,,
Comoros,-0.781551659,-0.731784344,-0.586587667,-0.77018398,-0.706209838,-0.71099925,-0.851346493,-1.057865262,-1.20799458,-1.30969882,-1.244413257,,,,,,,,,,,,,,,,,,,,,,,,,,,,,,
"Congo, Dem. Rep.",-1.329710841,-1.338081479,-1.320770741,-1.310912609,-1.366570234,-1.446218252,-1.517548561,-1.555178404,-1.592267394,-1.569068789,-1.544474006,,,,,,,,,,,,,,,,,,,,,,,,,,,,,,
"Congo, Rep.",-1.229751229,-1.176573396,-1.199824452,-1.270935655,-1.227088094,-1.36760819,-1.37775588,-1.435928583,-1.460418224,-1.39148438,-1.359451652,,,,,,,,,,,,,,,,,,,,,,,,,,,,,,
Cook Islands,-0.225727722,-0.225353897,..,..,..,..,..,..,..,..,0.048777163,,,,,,,,,,,,,,,,,,,,,,,,,,,,,,
Costa Rica,0.570753694,0.577552676,0.725670099,0.687304258,0.678494036,0.432417333,0.501532555,0.627239466,0.661663234,0.470483005,0.46584937,,,,,,,,,,,,,,,,,,,,,,,,,,,,,,
Cote d'Ivoire,-0.838509381,-0.739937127,-0.418946445,-0.462348998,-0.555268586,-0.550527215,-0.525697172,-0.564522326,-0.552296638,-0.395680398,-0.348596215,,,,,,,,,,,,,,,,,,,,,,,,,,,,,,
Croatia,-0.025457293,0.107682623,0.201164097,0.200334981,0.156147197,0.059864528,0.046951234,0.052742682,0.177089244,0.037961569,0.148001134,,,,,,,,,,,,,,,,,,,,,,,,,,,,,,
Cuba,0.228043005,0.113353908,0.062915348,0.038489599,0.135692075,0.232634813,0.134128854,0.014697105,-0.154578611,-0.033255912,-0.069347166,,,,,,,,,,,,,,,,,,,,,,,,,,,,,,
Cyprus,1.243302345,1.238514423,1.071142793,0.972112,0.789838016,0.746573091,0.607826233,0.599219382,0.349622399,0.369634807,0.421609163,,,,,,,,,,,,,,,,,,,,,,,,,,,,,,
Czechia,0.310179651,0.299337626,0.430063665,0.468281865,0.556319892,0.568476737,0.510070622,0.533790946,0.555802822,0.615592837,0.663116157,,,,,,,,,,,,,,,,,,,,,,,,,,,,,,
Denmark,2.382462263,2.399264097,2.252340317,2.186062336,2.202885151,2.190132141,2.15647912,2.121617317,2.236468792,2.333752632,2.402744293,,,,,,,,,,,,,,,,,,,,,,,,,,,,,,
Djibouti,-0.470184714,-0.549865782,-0.596591592,-0.697723746,-0.689300656,-0.671873569,-0.742592454,-0.880212486,-0.752702355,-0.804719806,-0.793283403,,,,,,,,,,,,,,,,,,,,,,,,,,,,,,
Dominica,0.69570899,0.692934036,0.69083339,0.606966794,0.624489009,0.637029588,0.536078513,0.521641076,0.557267368,0.547496855,0.539313197,,,,,,,,,,,,,,,,,,,,,,,,,,,,,,
Dominican Republic,-0.897264659,-0.911615849,-0.841781139,-0.873490095,-0.810025573,-0.787117958,-0.830727458,-0.838781178,-0.751166821,-0.590034485,-0.439608067,,,,,,,,,,,,,,,,,,,,,,,,,,,,,,
Ecuador,-0.508597851,-0.502528191,-0.740625322,-0.672159255,-0.680526972,-0.625844002,-0.629149854,-0.509074688,-0.503777742,-0.594089091,-0.62992847,,,,,,,,,,,,,,,,,,,,,,,,,,,,,,
"Egypt, Arab Rep.",-0.57966435,-0.613801897,-0.575114548,-0.600650787,-0.59074223,-0.495695531,-0.514392555,-0.65516609,-0.810555279,-0.705531955,-0.678810477,,,,,,,,,,,,,,,,,,,,,,,,,,,,,,
El Salvador,-0.412512779,-0.349038988,-0.374780744,-0.447236538,-0.555807173,-0.533897817,-0.586034775,-0.537628949,-0.577217638,-0.553035498,-0.642081201,,,,,,,,,,,,,,,,,,,,,,,,,,,,,,
Equatorial Guinea,-1.239950657,-1.315580368,-1.540296793,-1.572066545,-1.602825999,-1.645405293,-1.542761445,-1.563375354,-1.539008975,-1.586888433,-1.601716042,,,,,,,,,,,,,,,,,,,,,,,,,,,,,,
Eritrea,-0.778626442,-0.909359694,-0.885469437,-1.339255452,-1.343778849,-1.232174397,-1.321923494,-1.4070611,-1.339879751,-1.257141948,-1.282102227,,,,,,,,,,,,,,,,,,,,,,,,,,,,,,
Estonia,1.088298321,1.181539178,1.299008369,1.255545974,1.231135607,1.202570915,1.468725204,1.52543819,1.580865502,1.506842971,1.54468286,,,,,,,,,,,,,,,,,,,,,,,,,,,,,,
Eswatini,-0.224429905,-0.228339255,-0.256666481,-0.215674281,-0.232138395,-0.073113583,-0.231745571,-0.328445315,-0.296206951,-0.702006817,-0.668882489,,,,,,,,,,,,,,,,,,,,,,,,,,,,,,
Ethiopia,-0.608586848,-0.501512408,-0.447899312,-0.476131946,-0.442177504,-0.582520843,-0.50496614,-0.435477555,-0.390404463,-0.422970861,-0.440878779,,,,,,,,,,,,,,,,,,,,,,,,,,,,,,
Fiji,0.181172475,0.195707113,0.38520658,0.377842069,0.33544296,0.638752341,0.699863374,0.688096285,0.613188386,0.443210334,0.388570487,,,,,,,,,,,,,,,,,,,,,,,,,,,,,,
Finland,2.226846695,2.200171232,2.159475803,2.215771437,2.186052084,2.161560535,2.171321154,2.114005089,2.170630693,2.238217115,2.246977806,,,,,,,,,,,,,,,,,,,,,,,,,,,,,,
France,1.471969485,1.304377317,1.288246036,1.248263836,1.328667521,1.22440362,1.281640649,1.24832809,1.122349262,1.282284975,1.259529948,,,,,,,,,,,,,,,,,,,,,,,,,,,,,,
French Guiana,1.095235944,1.1194067,1.014231563,0.973423421,0.925807595,0.947585762,0.910473168,0.879329503,0.89474839,0.900672317,0.936512172,,,,,,,,,,,,,,,,,,,,,,,,,,,,,,
Gabon,-0.666252255,-0.634198666,-0.67763567,-0.723359048,-0.758523464,-0.841499567,-0.858977616,-0.888111413,-0.887642741,-0.869527161,-1.048099399,,,,,,,,,,,,,,,,,,,,,,,,,,,,,,
"Gambia, The",-0.65323174,-0.706011951,-0.69398278,-0.813672841,-0.850145161,-0.65736568,-0.501664221,-0.408288747,-0.425882965,-0.382034093,-0.278427482,,,,,,,,,,,,,,,,,,,,,,,,,,,,,,
Georgia,0.397421122,0.463925153,0.828557551,0.70071578,0.712996662,0.758942425,0.724707186,0.716376483,0.600856006,0.661190093,0.620237648,,,,,,,,,,,,,,,,,,,,,,,,,,,,,,
Germany,1.817630172,1.797943592,1.812496543,1.776123524,1.78145051,1.796617866,1.898325324,1.86536622,1.825713873,1.783171773,1.818375826,,,,,,,,,,,,,,,,,,,,,,,,,,,,,,
Ghana,-0.126568556,-0.096591435,-0.194918543,-0.210319385,-0.175110564,-0.253569841,-0.138242349,-0.108893923,-0.127230331,-0.128527135,-0.0459955,,,,,,,,,,,,,,,,,,,,,,,,,,,,,,
Greece,-0.19037801,-0.075100534,-0.135704443,-0.118774399,-0.133906335,-0.111620285,-0.055737924,0.014072024,0.032075394,0.183452636,0.037796605,,,,,,,,,,,,,,,,,,,,,,,,,,,,,,
Greenland,1.213781714,1.235403299,1.203346848,1.158900499,1.132253647,1.148748279,1.144097686,1.112229705,1.010008812,1.001844883,1.028838038,,,,,,,,,,,,,,,,,,,,,,,,,,,,,,
Grenada,0.446904987,0.450267434,0.313031375,0.539796233,0.560902476,0.46080175,0.369962037,0.337976843,0.357017994,0.494174868,0.483669132,,,,,,,,,,,,,,,,,,,,,,,,,,,,,,
Guam,0.779971004,0.778301716,1.220708609,1.151810765,1.159555912,1.171758413,1.179165602,1.176592231,1.266005278,1.279871821,1.27020359,,,,,,,,,,,,,,,,,,,,,,,,,,,,,,
Guatemala,-0.678762555,-0.639010668,-0.756130755,-0.780903101,-0.790915012,-0.787171602,-0.821694732,-0.915391564,-1.134002686,-1.192137122,-1.209751368,,,,,,,,,,,,,,,,,,,,,,,,,,,,,,
Guinea,-1.055663228,-1.049763322,-1.06706202,-1.014260173,-0.946540415,-1.038001418,-1.059754133,-0.915901423,-0.974657476,-1.022385359,-1.005414963,,,,,,,,,,,,,,,,,,,,,,,,,,,,,,
Guinea-Bissau,-1.293287516,-1.341573954,-1.556711912,-1.509641528,-1.586325645,-1.597468257,-1.55884099,-1.497948885,-1.363135219,-1.319930077,-1.18539381,,,,,,,,,,,,,,,,,,,,,,,,,,,,,,
Guyana,-0.761781573,-0.651674628,-0.740717888,-0.657496333,-0.347629547,-0.531385481,-0.249941126,-0.14282234,-0.173361897,-0.187444076,-0.295775652,,,,,,,,,,,,,,,,,,,,,,,,,,,,,,
Haiti,-1.240631819,-1.135210872,-1.239228249,-1.258397222,-1.354178548,-1.259292126,-1.285504103,-1.346805215,-1.346412778,-1.441358924,-1.459037662,,,,,,,,,,,,,,,,,,,,,,,,,,,,,,
Honduras,-0.955132008,-0.94487375,-0.787135541,-0.5892542,-0.6790663,-0.739263594,-0.656966507,-0.875686288,-0.988052368,-1.091018438,-1.002071381,,,,,,,,,,,,,,,,,,,,,,,,,,,,,,
"Hong Kong SAR, China",1.732589602,1.636237025,1.615458131,1.610676527,1.516932845,1.571896553,1.637417674,1.652782321,1.616944671,1.679690242,1.610646129,,,,,,,,,,,,,,,,,,,,,,,,,,,,,,
Hungary,0.298703164,0.294103175,0.156834021,0.119144142,0.072723642,0.090999648,0.05579298,0.031154292,0.069760337,0.012517746,-0.103074186,,,,,,,,,,,,,,,,,,,,,,,,,,,,,,
Iceland,1.878031492,1.904773474,1.82383287,1.898147464,1.903914332,1.794471025,1.805385828,1.670874357,1.667649269,1.760617852,1.567528129,,,,,,,,,,,,,,,,,,,,,,,,,,,,,,
India,-0.51396811,-0.517085731,-0.457155108,-0.406170607,-0.336941868,-0.291451544,-0.229412422,-0.302205294,-0.29291603,-0.316493511,-0.321810871,,,,,,,,,,,,,,,,,,,,,,,,,,,,,,
Indonesia,-0.689105809,-0.660039663,-0.597599149,-0.518548131,-0.462464273,-0.304816425,-0.299459815,-0.473180324,-0.454076618,-0.449074686,-0.434910655,,,,,,,,,,,,,,,,,,,,,,,,,,,,,,
"Iran, Islamic Rep.",-0.79734683,-0.693658531,-0.625268459,-0.63390404,-0.739656687,-0.838275671,-0.984159291,-1.071325779,-1.110736609,-1.11569345,-1.126372814,,,,,,,,,,,,,,,,,,,,,,,,,,,,,,
Iraq,-1.248227,-1.315329313,-1.363342285,-1.432856798,-1.461683035,-1.431025505,-1.458062291,-1.389802694,-1.334123492,-1.268725276,-1.212934136,,,,,,,,,,,,,,,,,,,,,,,,,,,,,,
Ireland,1.455700159,1.646097541,1.692481041,1.673846483,1.649328828,1.529177547,1.534681678,1.458833456,1.535135031,1.61967814,1.674448371,,,,,,,,,,,,,,,,,,,,,,,,,,,,,,
Israel,0.902115405,0.90605098,0.860894561,0.9072119,1.147074223,0.790336132,0.753771842,0.774113774,0.536935449,0.829616547,0.781039,,,,,,,,,,,,,,,,,,,,,,,,,,,,,,
Italy,0.172010645,0.071097754,0.005989762,0.027108585,0.082234927,0.175745785,0.215928152,0.234261185,0.50986433,0.517414451,0.527781725,,,,,,,,,,,,,,,,,,,,,,,,,,,,,,
Jamaica,-0.285973221,-0.30427292,-0.325509161,-0.283773303,-0.208374217,-0.224058092,-0.230746984,-0.113833971,-0.046545755,-0.052980192,-0.023381542,,,,,,,,,,,,,,,,,,,,,,,,,,,,,,
Japan,1.618948698,1.648278475,1.690476179,1.530045748,1.482382655,1.480906844,1.388648033,1.431167245,1.463934183,1.5360502,1.539971828,,,,,,,,,,,,,,,,,,,,,,,,,,,,,,
"Jersey, Channel Islands",1.213781714,1.235403299,1.203346848,1.158900499,1.106904507,1.132810593,1.072977901,1.016485095,1.010008812,1.001844883,1.028838038,,,,,,,,,,,,,,,,,,,,,,,,,,,,,,
Jordan,0.07058657,0.065909356,0.13543418,0.244418249,0.250654906,0.227010459,0.123943955,0.080424912,0.038551886,0.026834955,0.073047176,,,,,,,,,,,,,,,,,,,,,,,,,,,,,,
Kazakhstan,-0.921265781,-0.930915296,-0.82542944,-0.871415019,-0.831907213,-0.839265823,-0.49207738,-0.285695314,-0.377906501,-0.259159893,-0.185301155,,,,,,,,,,,,,,,,,,,,,,,,,,,,,,
Kenya,-1.098877668,-1.035941601,-0.938904762,-1.030673742,-0.913663983,-0.975330949,-0.862696052,-0.807418883,-0.876583576,-0.735883415,-0.759701312,,,,,,,,,,,,,,,,,,,,,,,,,,,,,,
Kiribati,0.023241181,-0.026185479,0.288614959,0.24578698,0.290254235,0.417874157,0.348221093,0.367132217,0.467345566,0.28176564,0.236564711,,,,,,,,,,,,,,,,,,,,,,,,,,,,,,
"Korea, Dem. People's Rep.",-1.287028551,-1.291033268,-1.304089785,-1.272865772,-1.461490154,-1.501400113,-1.587844968,-1.609050989,-1.703108072,-1.622233987,-1.60609889,,,,,,,,,,,,,,,,,,,,,,,,,,,,,,
"Korea, Rep.",0.495882243,0.581155181,0.512293756,0.340045571,0.420738995,0.445794493,0.573121369,0.705077529,0.698436558,0.733705759,0.748461604,,,,,,,,,,,,,,,,,,,,,,,,,,,,,,
Kosovo,-0.653357148,-0.649519384,-0.486074388,-0.559605658,-0.437756062,-0.527442336,-0.527982175,-0.541139305,-0.463044196,-0.341269404,-0.263794988,,,,,,,,,,,,,,,,,,,,,,,,,,,,,,
Kuwait,-0.197435707,-0.195034772,-0.24606809,-0.254954398,-0.297969162,-0.35983929,-0.316699147,-0.159434482,-0.091735229,-0.056274436,0.1270307,,,,,,,,,,,,,,,,,,,,,,,,,,,,,,
Kyrgyz Republic,-1.150862575,-1.161999106,-1.129372239,-1.178611875,-1.104307413,-1.078474283,-0.960398018,-0.959891975,-1.124469995,-1.149718881,-1.230028629,,,,,,,,,,,,,,,,,,,,,,,,,,,,,,
Lao PDR,-1.025072455,-0.940360546,-0.853411794,-0.944022536,-0.986315608,-0.967064977,-0.997076809,-1.076368928,-1.08248508,-1.054846048,-0.965779126,,,,,,,,,,,,,,,,,,,,,,,,,,,,,,
Latvia,0.238223135,0.321524471,0.410171539,0.434383959,0.396033019,0.501099586,0.297805101,0.480807155,0.693269372,0.720862389,0.693852961,,,,,,,,,,,,,,,,,,,,,,,,,,,,,,
Lebanon,-0.865690708,-0.924281895,-1.042205453,-0.901420474,-0.989753306,-1.027634382,-1.132698298,-1.168795824,-1.179467916,-1.248038173,-1.126894951,,,,,,,,,,,,,,,,,,,,,,,,,,,,,,
Lesotho,0.126534462,0.279653907,0.199733451,0.02309202,-0.051930126,-0.058279932,-0.136426091,-0.123688802,-0.141579404,-0.346612543,-0.357248217,,,,,,,,,,,,,,,,,,,,,,,,,,,,,,
Liberia,-0.607038319,-0.718096495,-0.77924335,-0.666826963,-0.742775202,-0.687493205,-0.871749878,-0.919094324,-0.905724645,-0.939240754,-0.926501334,,,,,,,,,,,,,,,,,,,,,,,,,,,,,,
Libya,-1.315019011,-1.440461993,-1.52100122,-1.578030467,-1.578003883,-1.55755651,-1.530136466,-1.575015187,-1.583956599,-1.584494829,-1.52597928,,,,,,,,,,,,,,,,,,,,,,,,,,,,,,
Liechtenstein,1.793322086,1.833727598,2.077667952,2.010810375,1.983046055,1.997482419,1.958546758,1.92107594,1.959424734,1.665377736,1.714327097,,,,,,,,,,,,,,,,,,,,,,,,,,,,,,
Lithuania,0.386670023,0.419104278,0.553784788,0.583111227,0.676848352,0.518894792,0.466333061,0.666612506,0.778642654,0.824829578,0.747045457,,,,,,,,,,,,,,,,,,,,,,,,,,,,,,
Luxembourg,2.114363909,2.115775108,2.069382429,2.053576708,2.04964757,1.940490723,2.04786849,2.072511673,2.023770571,1.841181636,1.8836025,,,,,,,,,,,,,,,,,,,,,,,,,,,,,,
"Macao SAR, China",0.417734087,0.546406925,0.843831837,0.569338977,0.794970512,0.595861137,0.675081074,0.665671945,0.770509839,0.815776765,0.868675053,,,,,,,,,,,,,,,,,,,,,,,,,,,,,,
Madagascar,-0.670311391,-0.763889015,-0.842870653,-0.880011737,-0.934489012,-1.074516296,-1.020541787,-1.052205682,-1.009642959,-0.952458918,-1.008650899,,,,,,,,,,,,,,,,,,,,,,,,,,,,,,
Malawi,-0.477253526,-0.619572818,-0.761226177,-0.793731868,-0.784189403,-0.68725425,-0.765652001,-0.785404325,-0.392753959,-0.323193759,-0.61048007,,,,,,,,,,,,,,,,,,,,,,,,,,,,,,
Malaysia,0.213312954,0.333291233,0.396689087,0.181794137,0.027578535,-0.005901465,0.300330877,0.233307585,0.229109854,0.146786317,0.249183893,,,,,,,,,,,,,,,,,,,,,,,,,,,,,,
Maldives,-0.697819233,-0.740246713,-0.364196092,-0.480370641,-0.654233754,-0.798738897,-0.875025868,-0.263243586,-0.339506418,-0.379969805,-0.401500523,,,,,,,,,,,,,,,,,,,,,,,,,,,,,,
Mali,-0.831212103,-0.792035818,-0.750901997,-0.704286695,-0.677368283,-0.6660133,-0.711567581,-0.705255508,-0.801557362,-0.888018608,-0.879449666,,,,,,,,,,,,,,,,,,,,,,,,,,,,,,
Malta,0.935569167,0.976357043,0.846917331,0.864346921,0.68373704,0.703422308,0.547609329,0.21003823,0.342205673,0.293049514,0.238677815,,,,,,,,,,,,,,,,,,,,,,,,,,,,,,
Marshall Islands,-0.224154845,-0.000668602,-0.014499437,0.648119211,0.706911266,0.775618434,0.348221093,0.367132217,0.467345566,0.416723073,0.385005087,,,,,,,,,,,,,,,,,,,,,,,,,,,,,,
Martinique,0.779971004,0.778301716,1.220708609,1.151810765,1.159555912,1.171758413,1.179165602,1.176592231,0.632469475,0.638071477,0.632126808,,,,,,,,,,,,,,,,,,,,,,,,,,,,,,
Mauritania,-0.793573499,-0.846679747,-0.932531476,-0.939487815,-0.76229012,-0.77436024,-0.812102079,-0.8657974,-0.815018535,-0.84181273,-0.798844755,,,,,,,,,,,,,,,,,,,,,,,,,,,,,,
Mauritius,0.252168298,0.252099127,0.317963988,0.223687053,0.107061319,0.156746864,0.186878189,0.209806874,0.441281766,0.442428768,0.412719399,,,,,,,,,,,,,,,,,,,,,,,,,,,,,,
Mexico,-0.484527588,-0.59152025,-0.842649996,-0.888690233,-0.850071728,-0.951904118,-0.948684394,-0.917184711,-0.921504736,-1.020310044,-1.011866212,,,,,,,,,,,,,,,,,,,,,,,,,,,,,,
"Micronesia, Fed. Sts.",-0.12400189,-0.17991735,0.812802196,0.677290916,0.706911266,0.775618434,0.672230363,0.709070802,0.875658691,0.563614368,0.484119058,,,,,,,,,,,,,,,,,,,,,,,,,,,,,,
Moldova,-0.614259124,-0.752406657,-0.852723837,-0.936965168,-0.97633189,-0.823586464,-0.746429086,-0.644489229,-0.571009994,-0.468919247,-0.341932297,,,,,,,,,,,,,,,,,,,,,,,,,,,,,,
Monaco,..,..,..,1.731612086,1.740214109,1.762151003,1.780909538,1.780709863,1.266005278,1.279871821,1.27020359,,,,,,,,,,,,,,,,,,,,,,,,,,,,,,
Mongolia,-0.535095811,-0.477977753,-0.471893132,-0.517446935,-0.509768784,-0.476011604,-0.448486507,-0.455313385,-0.494477481,-0.552942455,-0.560807109,,,,,,,,,,,,,,,,,,,,,,,,,,,,,,
Montenegro,-0.129764125,-0.286885977,-0.075149357,-0.123158075,-0.081512332,-0.084510088,-0.014548845,-0.029848279,-0.042974085,-0.043420643,-0.118264787,,,,,,,,,,,,,,,,,,,,,,,,,,,,,,
Morocco,-0.493130356,-0.423098087,-0.305042803,-0.286487639,-0.19037579,-0.199214861,-0.289577842,-0.335644424,-0.412526339,-0.420962542,-0.357442886,,,,,,,,,,,,,,,,,,,,,,,,,,,,,,
Mozambique,-0.569021642,-0.602598667,-0.669381857,-0.779341638,-0.902694941,-0.85798502,-0.808722258,-0.858943164,-0.774722815,-0.818972707,-0.836388111,,,,,,,,,,,,,,,,,,,,,,,,,,,,,,
Myanmar,-1.069791675,-1.006056309,-0.883994281,-0.853787243,-0.641805828,-0.590761244,-0.612783849,-0.64523077,-0.680532873,-1.048076868,-1.15162313,,,,,,,,,,,,,,,,,,,,,,,,,,,,,,
Namibia,0.321495771,0.30405581,0.261683822,0.270181686,0.280886233,0.261637181,0.307371318,0.327528208,0.284111679,0.236004293,0.215328231,,,,,,,,,,,,,,,,,,,,,,,,,,,,,,
Nauru,-0.024551125,-0.649806023,-0.478502005,0.515011132,0.58118397,0.561119318,0.509996653,0.52951771,0.599186838,0.604154706,0.601521969,,,,,,,,,,,,,,,,,,,,,,,,,,,,,,
Nepal,-0.814642906,-0.688907444,-0.588590503,-0.603224993,-0.826682508,-0.776277244,-0.688618004,-0.69104737,-0.598265946,-0.556139708,-0.532641351,,,,,,,,,,,,,,,,,,,,,,,,,,,,,,
Netherlands,2.090583324,2.016783476,1.960696101,1.833626509,1.858421326,1.745200634,1.888952136,1.867802143,2.000247002,2.004626274,1.9171803,,,,,,,,,,,,,,,,,,,,,,,,,,,,,,
Netherlands Antilles,0.779971004,0.778301716,..,..,..,..,..,..,..,..,..,,,,,,,,,,,,,,,,,,,,,,,,,,,,,,
New Zealand,2.307887793,2.334091425,2.249640226,2.233343601,2.236538649,2.195156574,2.135031462,2.131029844,2.1171422,2.170155525,2.163334131,,,,,,,,,,,,,,,,,,,,,,,,,,,,,,
Nicaragua,-0.78167814,-0.738182664,-0.887117863,-0.907132387,-0.89679724,-0.895876169,-1.023826838,-1.032059431,-1.180143833,-1.25470376,-1.287311792,,,,,,,,,,,,,,,,,,,,,,,,,,,,,,
Niger,-0.647685707,-0.61886847,-0.695217669,-0.67460686,-0.666101396,-0.688091576,-0.592441618,-0.570193112,-0.665765345,-0.582625091,-0.585803986,,,,,,,,,,,,,,,,,,,,,,,,,,,,,,
Nigeria,-1.175933242,-1.226869226,-1.28350389,-1.095677853,-1.045135379,-1.099802971,-1.083567619,-1.115130424,-1.120857596,-1.103256702,-1.101030469,,,,,,,,,,,,,,,,,,,,,,,,,,,,,,
Niue,-0.442128837,-0.43061766,..,..,..,..,..,..,..,..,-0.183730349,,,,,,,,,,,,,,,,,,,,,,,,,,,,,,
North Macedonia,-0.051175073,-0.056259628,-0.032469325,-0.265548706,-0.297492892,-0.328184038,-0.392472923,-0.456622541,-0.493940473,-0.374614269,-0.323431134,,,,,,,,,,,,,,,,,,,,,,,,,,,,,,
Norway,2.247982264,2.286827564,2.222894669,2.200422287,2.149371624,2.190474987,2.050117016,2.033835888,2.065853834,2.108708143,2.067760468,,,,,,,,,,,,,,,,,,,,,,,,,,,,,,
Oman,0.175082937,0.152669773,0.304765224,0.236283079,0.305286497,0.21462366,0.215245456,0.421542645,0.203061417,0.062168915,0.052399512,,,,,,,,,,,,,,,,,,,,,,,,,,,,,,
Pakistan,-1.068792224,-0.962642074,-0.838965237,-0.83424592,-0.90054065,-0.803011358,-0.80138731,-0.879330099,-0.85676223,-0.809737384,-0.804032683,,,,,,,,,,,,,,,,,,,,,,,,,,,,,,
Palau,-0.433817923,-0.649806023,-0.478502005,0.515011132,0.58118397,0.561119318,0.509996653,0.52951771,0.599186838,0.604154706,0.601521969,,,,,,,,,,,,,,,,,,,,,,,,,,,,,,
Panama,-0.395119667,-0.380920947,-0.36968109,-0.434625328,-0.573594987,-0.613254488,-0.610022247,-0.643557012,-0.584034085,-0.591235816,-0.634607255,,,,,,,,,,,,,,,,,,,,,,,,,,,,,,
Papua New Guinea,-0.938103914,-0.959146857,-0.909913182,-0.952820063,-0.942351043,-0.913151979,-0.868210077,-1.002332568,-0.596712232,-0.770218611,-0.696246028,,,,,,,,,,,,,,,,,,,,,,,,,,,,,,
Paraguay,-0.850602806,-1.04777801,-1.010692,-1.018296719,-0.762674689,-0.750454783,-0.870616138,-0.893414497,-0.857943475,-1.025977373,-1.090223432,,,,,,,,,,,,,,,,,,,,,,,,,,,,,,
Peru,-0.404069632,-0.460638314,-0.599589348,-0.603387415,-0.429547399,-0.561924517,-0.597704649,-0.509206772,-0.524174213,-0.653225958,-0.807577431,,,,,,,,,,,,,,,,,,,,,,,,,,,,,,
Philippines,-0.573895454,-0.37990436,-0.439453065,-0.480595767,-0.518573582,-0.5070467,-0.576285362,-0.605999053,-0.510496736,-0.529578149,-0.540948451,,,,,,,,,,,,,,,,,,,,,,,,,,,,,,
Poland,0.659753621,0.645880938,0.682209432,0.694760025,0.759663045,0.698802173,0.62305665,0.610989213,0.618777275,0.54642576,0.506694496,,,,,,,,,,,,,,,,,,,,,,,,,,,,,,
Portugal,0.955447733,0.912236094,0.909682035,0.892668664,0.859336078,0.821442187,0.806138754,0.745713294,0.72112143,0.742346644,0.72902143,,,,,,,,,,,,,,,,,,,,,,,,,,,,,,
Puerto Rico,0.533097982,0.466359109,0.456755251,0.047927044,-0.007919208,0.098349474,0.002151088,-0.022669774,-0.016030673,0.369727612,0.11515145,,,,,,,,,,,,,,,,,,,,,,,,,,,,,,
Qatar,1.053043008,1.103670835,0.983825207,0.856370568,0.863289118,0.698586345,0.692682803,0.817250907,0.754299998,0.77996701,0.803727508,,,,,,,,,,,,,,,,,,,,,,,,,,,,,,
Reunion,0.779971004,0.778301716,0.634897768,0.572009385,0.578897595,0.581365764,0.577421665,0.572474778,0.632469475,0.638071477,0.632126808,,,,,,,,,,,,,,,,,,,,,,,,,,,,,,
Romania,-0.381443471,-0.300762177,-0.223876476,-0.170360878,-0.177830175,-0.141028062,-0.22668846,-0.236526757,-0.098242842,-0.060926557,0.016672393,,,,,,,,,,,,,,,,,,,,,,,,,,,,,,
Russian Federation,-1.051571608,-1.020386815,-0.918525219,-0.973685265,-0.838142872,-0.914018691,-0.869118035,-0.821954846,-0.929947913,-0.920365572,-0.979387343,,,,,,,,,,,,,,,,,,,,,,,,,,,,,,
Rwanda,0.559880137,0.625127435,0.77630049,0.597625196,0.618455648,0.607264578,0.535657406,0.521026969,0.528032601,0.573205888,0.561202586,,,,,,,,,,,,,,,,,,,,,,,,,,,,,,
Samoa,0.141266376,0.180733934,0.358953506,0.298591167,0.300257742,0.663341761,0.647211671,0.648035407,0.71219492,0.592587709,0.553921998,,,,,,,,,,,,,,,,,,,,,,,,,,,,,,
San Marino,..,..,..,1.151810765,1.159555912,1.171758413,1.179165602,1.176592231,1.266005278,1.279871821,1.27020359,,,,,,,,,,,,,,,,,,,,,,,,,,,,,,
Sao Tome and Principe,-0.172321394,-0.17133531,0.013321333,-0.067401499,-0.083296224,0.152436048,0.15306583,0.133266076,0.119538024,0.231900394,0.284455985,,,,,,,,,,,,,,,,,,,,,,,,,,,,,,
Saudi Arabia,-0.045678299,-0.027216319,0.081855386,0.021638941,0.198666751,0.33179605,0.329810768,0.246477008,0.240839511,0.282737106,0.356948316,,,,,,,,,,,,,,,,,,,,,,,,,,,,,,
Senegal,-0.258422732,-0.188867226,0.058830507,0.031238893,-0.024389485,-0.114238143,-0.046840053,-0.00381422,-0.007385837,0.042111322,-0.028728109,,,,,,,,,,,,,,,,,,,,,,,,,,,,,,
Serbia,-0.357432961,-0.327525735,-0.24708949,-0.318084389,-0.382535666,-0.435451537,-0.396321565,-0.449989259,-0.451218128,-0.458568871,-0.456187755,,,,,,,,,,,,,,,,,,,,,,,,,,,,,,
Seychelles,0.579943299,0.600916207,0.577941358,1.141892672,1.100831389,0.849183261,0.860554039,1.17598176,1.388632894,1.600454926,1.698149085,,,,,,,,,,,,,,,,,,,,,,,,,,,,,,
Sierra Leone,-0.957400441,-0.91197145,-0.94812119,-0.820208132,-0.841146886,-0.590534508,-0.511336386,-0.471661597,-0.396271408,-0.45632562,-0.563655317,,,,,,,,,,,,,,,,,,,,,,,,,,,,,,
Singapore,2.115708113,2.07050252,2.067563772,2.050846577,2.041591167,2.088041544,2.134553909,2.120105982,2.118317366,2.13980794,2.094723701,,,,,,,,,,,,,,,,,,,,,,,,,,,,,,
Slovak Republic,0.069280498,0.049156778,0.122271441,0.110418357,0.152693763,0.097783238,0.230566427,0.188275024,0.416197926,0.211424857,0.213603869,,,,,,,,,,,,,,,,,,,,,,,,,,,,,,
Slovenia,0.832158983,0.72227633,0.721844375,0.737542391,0.78522104,0.776947558,0.836427569,0.888942242,0.777626574,0.693418622,0.767380297,,,,,,,,,,,,,,,,,,,,,,,,,,,,,,
Solomon Islands,-0.357465267,-0.400275111,-0.266557604,-0.345678002,-0.355936557,0.095240965,-0.034334648,-0.050351936,0.069947504,-0.163580567,-0.184422299,,,,,,,,,,,,,,,,,,,,,,,,,,,,,,
Somalia,-1.596589088,-1.58308363,-1.66308713,-1.64175272,-1.690856099,-1.70943439,-1.785416245,-1.723784328,-1.688518405,-1.795112491,-1.7924546,,,,,,,,,,,,,,,,,,,,,,,,,,,,,,
South Africa,-0.184170604,-0.137831539,-0.124875419,-0.07051044,0.017409462,-0.127464935,-0.136328086,-0.031051725,-0.058959816,-0.034114234,-0.31976521,,,,,,,,,,,,,,,,,,,,,,,,,,,,,,
South Sudan,-1.295819283,-1.40059936,-1.607612371,-1.724354625,-1.759067893,-1.75134778,-1.742862582,-1.799885988,-1.936705828,-1.836816192,-1.85575521,,,,,,,,,,,,,,,,,,,,,,,,,,,,,,
Spain,1.170406342,0.926997602,0.689561665,0.631589711,0.570366204,0.510277867,0.612849295,0.666526735,0.71118027,0.715503156,0.685312092,,,,,,,,,,,,,,,,,,,,,,,,,,,,,,
Sri Lanka,-0.241880506,-0.220829561,-0.345142692,-0.376569152,-0.335664779,-0.489461154,-0.352467418,-0.303825676,-0.33045432,-0.356352985,-0.383287221,,,,,,,,,,,,,,,,,,,,,,,,,,,,,,
St. Kitts and Nevis,1.260530829,1.253548503,0.049086832,0.448595434,0.458806694,0.460760623,0.410901546,0.345875949,0.339913368,0.406278491,0.389788479,,,,,,,,,,,,,,,,,,,,,,,,,,,,,,
St. Lucia,1.051899076,1.07990694,0.489243448,0.618334889,0.64044857,0.584569812,0.560043097,0.55711174,0.539356709,0.557350099,0.57885313,,,,,,,,,,,,,,,,,,,,,,,,,,,,,,
St. Vincent and the Grenadines,0.969306469,0.956631362,0.69083339,0.656603634,0.674878418,0.708770871,0.74370873,0.760439336,0.797710955,0.774260223,0.756104052,,,,,,,,,,,,,,,,,,,,,,,,,,,,,,
Sudan,-1.503376722,-1.488822937,-1.462641239,-1.499903917,-1.560569406,-1.560215473,-1.456690907,-1.407844663,-1.42334497,-1.279220343,-1.397860169,,,,,,,,,,,,,,,,,,,,,,,,,,,,,,
Suriname,-0.340788126,-0.282051057,-0.449199259,-0.270875722,-0.335247636,-0.205016389,-0.24039501,-0.419854432,-0.460872471,-0.418640316,-0.405177504,,,,,,,,,,,,,,,,,,,,,,,,,,,,,,
Sweden,2.27712059,2.239300251,2.111042976,2.145550013,2.105576277,2.099216461,2.109263897,2.092034101,2.094612837,2.09889102,2.061658144,,,,,,,,,,,,,,,,,,,,,,,,,,,,,,
Switzerland,2.13839817,2.124835014,2.147784948,2.094697237,1.942636728,1.944514394,1.969518185,1.945056438,2.045609951,1.959008932,2.009313822,,,,,,,,,,,,,,,,,,,,,,,,,,,,,,
Syrian Arab Republic,-1.219366789,-1.265268564,-1.560017109,-1.568814278,-1.592816949,-1.583107471,-1.648082852,-1.707754374,-1.73549366,-1.798400283,-1.775999069,,,,,,,,,,,,,,,,,,,,,,,,,,,,,,
"Taiwan, China",0.715294063,0.672394991,0.802258909,0.737779796,0.841518164,0.926738024,0.993418097,1.018330216,1.12545836,1.17842567,1.148139358,,,,,,,,,,,,,,,,,,,,,,,,,,,,,,
Tajikistan,-1.280341625,-1.287330866,-1.132050395,-1.148015976,-1.163225532,-1.347990513,-1.428293705,-1.345553517,-1.344798326,-1.354080081,-1.434153557,,,,,,,,,,,,,,,,,,,,,,,,,,,,,,
Tanzania,-0.764619529,-0.780951321,-0.761074305,-0.709463358,-0.531090379,-0.487049073,-0.47571075,-0.423007667,-0.408919662,-0.396900386,-0.341099858,,,,,,,,,,,,,,,,,,,,,,,,,,,,,,
Thailand,-0.397404075,-0.372476399,-0.48051998,-0.555550456,-0.451497614,-0.445774883,-0.45801872,-0.471759528,-0.483637542,-0.478348255,-0.452194035,,,,,,,,,,,,,,,,,,,,,,,,,,,,,,
Timor-Leste,-0.743892968,-0.693943501,-0.529522896,-0.546577632,-0.537286937,-0.566189468,-0.505638003,-0.400570154,-0.339756817,-0.072438493,-0.265985161,,,,,,,,,,,,,,,,,,,,,,,,,,,,,,
Togo,-1.007718325,-1.034691691,-0.899913251,-0.755234063,-0.707865596,-0.736028314,-0.749031723,-0.747289181,-0.731193364,-0.691679478,-0.649671555,,,,,,,,,,,,,,,,,,,,,,,,,,,,,,
Tonga,-0.298795193,-0.259107977,-0.27302438,-0.460351884,-0.453665733,-0.17983216,-0.070953578,-0.329820722,-0.344353855,-0.428654045,-0.420627415,,,,,,,,,,,,,,,,,,,,,,,,,,,,,,
Trinidad and Tobago,-0.182379499,-0.252770156,-0.464409143,-0.365086168,-0.303454995,-0.393393129,-0.379338741,-0.256702781,-0.160587028,-0.299970984,-0.379686356,,,,,,,,,,,,,,,,,,,,,,,,,,,,,,
Tunisia,-0.033657957,-0.041355308,-0.018725784,-0.076950975,-0.162973881,-0.159313709,-0.113984153,-0.140877202,-0.116653658,-0.263698995,-0.251350313,,,,,,,,,,,,,,,,,,,,,,,,,,,,,,
Turkiye,0.161344782,0.091789804,-0.134037971,-0.161285013,-0.198886201,-0.208401129,-0.351102501,-0.325625747,-0.361126631,-0.407550573,-0.467645317,,,,,,,,,,,,,,,,,,,,,,,,,,,,,,
Turkmenistan,-1.314689875,-1.285361767,-1.177111149,-1.225055337,-1.394581199,-1.367999196,-1.382211685,-1.393570781,-1.433779597,-1.439067125,-1.436773896,,,,,,,,,,,,,,,,,,,,,,,,,,,,,,
Tuvalu,-0.345227033,-0.393216014,0.027610896,0.005848679,0.055439107,0.069424003,0.051194686,0.386845589,0.484758735,0.660916448,0.651753724,,,,,,,,,,,,,,,,,,,,,,,,,,,,,,
Uganda,-1.001575112,-1.055946469,-1.097377181,-1.081076503,-1.086224794,-1.069670916,-1.050883651,-1.176579237,-1.068075895,-1.030537486,-1.041796088,,,,,,,,,,,,,,,,,,,,,,,,,,,,,,
Ukraine,-1.117539167,-1.176261783,-1.024342418,-1.038948059,-0.866792738,-0.831375659,-0.921201885,-0.800242603,-0.831856072,-0.786468089,-0.633566201,,,,,,,,,,,,,,,,,,,,,,,,,,,,,,
United Arab Emirates,1.155736208,1.273586392,1.19904685,1.034835458,1.131279349,1.095144391,1.11653626,1.07211113,1.082543731,1.150143266,1.155336499,,,,,,,,,,,,,,,,,,,,,,,,,,,,,,
United Kingdom,1.665460467,1.718892574,1.746633649,1.831590176,1.850604177,1.813624382,1.806572199,1.748772383,1.660060406,1.640929222,1.620156169,,,,,,,,,,,,,,,,,,,,,,,,,,,,,,
United States,1.402794003,1.305992603,1.371681571,1.358334064,1.331475854,1.34039712,1.292678237,1.180732846,1.038217425,1.019727945,1.104258776,,,,,,,,,,,,,,,,,,,,,,,,,,,,,,
Uruguay,1.378116846,1.397212505,1.388391733,1.300763011,1.247104049,1.252956033,1.207342386,1.195403099,1.364934325,1.586253524,1.610527992,,,,,,,,,,,,,,,,,,,,,,,,,,,,,,
Uzbekistan,-1.310680032,-1.273042798,-1.194444299,-1.285296082,-1.199764013,-1.187516332,-1.082399607,-1.046891451,-1.072816968,-0.82933104,-0.757623434,,,,,,,,,,,,,,,,,,,,,,,,,,,,,,
Vanuatu,0.344245106,0.292244524,0.476412117,-0.122392893,-0.087068856,0.0038484,-0.18430163,-0.284158379,-0.169316709,-0.039865486,-0.028940963,,,,,,,,,,,,,,,,,,,,,,,,,,,,,,
"Venezuela, RB",-1.258297563,-1.306562662,-1.394557238,-1.407046556,-1.365910888,-1.384973764,-1.512037516,-1.527598858,-1.576018214,-1.622491598,-1.651136756,,,,,,,,,,,,,,,,,,,,,,,,,,,,,,
Vietnam,-0.532105982,-0.482674778,-0.438092947,-0.457813323,-0.489483953,-0.628040135,-0.511549294,-0.545818031,-0.373947054,-0.307860315,-0.287282676,,,,,,,,,,,,,,,,,,,,,,,,,,,,,,
Virgin Islands (U.S.),0.779971004,0.778301716,0.634897768,0.572009385,0.578897595,0.581365764,0.577421665,0.572474778,-0.001066196,-0.003729008,-0.005950079,,,,,,,,,,,,,,,,,,,,,,,,,,,,,,
West Bank and Gaza,-0.25758794,-0.258733332,-0.283548146,-0.485357046,-0.183015376,-0.061663859,-0.226567179,-0.354413301,-0.57803303,-0.761419833,-0.702682197,,,,,,,,,,,,,,,,,,,,,,,,,,,,,,
"Yemen, Rep.",-1.258748412,-1.256176949,-1.5652982,-1.508080721,-1.695552111,-1.617752194,-1.658365846,-1.712633252,-1.711415172,-1.668239355,-1.679558158,,,,,,,,,,,,,,,,,,,,,,,,,,,,,,
Zambia,-0.291441262,-0.315542519,-0.347682625,-0.368301272,-0.426889509,-0.56772095,-0.678601682,-0.673917532,-0.733920753,-0.759727836,-0.529199839,,,,,,,,,,,,,,,,,,,,,,,,,,,,,,
Zimbabwe,-1.381803393,-1.419667006,-1.404366732,-1.337617397,-1.288440704,-1.298485279,-1.246000648,-1.271190286,-1.287992358,-1.253550053,-1.25513947,,,,,,,,,,,,,,,,,,,,,,,,,,,,,,
,,,,,,,,,,,,,,,,,,,,,,,,,,,,,,,,,,,,,,,,,
,,,,,,,,,,,,,,,,,,,,,,,,,,,,,,,,,,,,,,,,,
,,,,,,,,,,,,,,,,,,,,,,,,,,,,,,,,,,,,,,,,,
Data from database: Worldwide Governance Indicators,,,,,,,,,,,,,,,,,,,,,,,,,,,,,,,,,,,,,,,,,
Last Updated: 09/29/2023,,,,,,,,,,,,,,,,,,,,,,,,,,,,,,,,,,,,,,,,,